variant,size_MB,batch_size,p50_batch_ms,p95_batch_ms,p50_per_image_ms,throughput_fps
fp32,42.68,1,40.05738499836298,140.43081995223457,40.05738499836298,24.964185756031426
fp32,42.68,4,80.32114849629579,175.3385544998309,20.080287124073948,49.80008472095577
fp32,42.68,16,232.24690300412476,533.9991476968861,14.515431437757798,68.89219960756952
fp32,42.68,32,499.4445679949422,772.1973747971788,15.607642749841943,64.07117436168424
int8_dynamic,42.67,1,26.324152499000775,98.66188144733296,26.324152499000775,37.98792762798189
int8_dynamic,42.67,4,62.65135100329644,126.37270914783585,15.66283775082411,63.84539097631809
int8_dynamic,42.67,16,225.4505445016548,325.3568062962586,14.090659031353425,70.96900136288009
int8_dynamic,42.67,32,491.6887984982168,812.3943711510946,15.365274953069274,65.08181617669302
