{
  "fp32": {
    "test_loss": 0.12787982788350846,
    "test_acc": 0.9805555555555555,
    "size_MB": 42.68
  },
  "int8_dynamic": {
    "test_loss": 0.12807583543989393,
    "test_acc": 0.9805555555555555,
    "size_MB": 42.67
  },
  "accuracy_delta": 0.0
}